fecha_inicio,realized,expected,expected_vol,surprise,z_before,z_model,z_after,epsilon,declared,wealth,k_before,k_after,migrated,perfil_antes,perfil_despues
2015-07-06,-0.05748429969172972,0.053532837978835686,0.06332020783789913,-1.7532655286724779,-0.4887764111146694,-1.0185085669629061,-1.0185085669629061,,False,0.9425157003082703,3,2,True,Pragmático,Centinela
2015-10-02,0.08137994922465625,0.018497449556089517,0.07947103906240538,0.7912630866596276,-1.0185085669629061,-0.8537275728384235,-0.8537275728384235,,False,1.0192175801427987,2,2,False,Centinela,Centinela
2016-01-04,0.04893402833178586,0.09277313388435242,0.08924306195363561,-0.49123264703022246,-0.8537275728384235,-1.10977432225824,-1.10977432225824,,False,1.0690920020857606,2,2,False,Centinela,Centinela
2016-04-05,0.03708990500266141,0.09802578568516182,0.07572052769095765,-0.804747174124319,-1.10977432225824,-1.4847831401883766,-1.4847831401883766,,False,1.1087445228822266,2,1,True,Centinela,Guardián
2016-07-05,-0.03426674739672468,0.10638181648277326,0.06147970966746401,-2.2877232934288116,-1.4847831401883766,-2.035811903656324,-2.035811903656324,,False,1.0707514543891195,1,1,False,Guardián,Guardián
2016-10-03,0.011535290084364304,0.05334711681707076,0.04866286836500376,-0.8592141839870606,-2.035811903656324,-2.427228979274445,-2.427228979274445,,False,1.083102883023753,1,1,False,Guardián,Guardián
2017-01-03,0.06879238660498782,0.09669298643263914,0.04737847638666499,-0.5888876543844315,-2.427228979274445,-2.724844987212933,-2.724844987212933,,False,1.1576121152857,1,1,False,Guardián,Guardián
2017-04-04,0.046075829061655395,0.08515469773780952,0.03816830523714185,-1.0238565331458889,-2.724844987212933,-3.0,-3.0,,False,1.2109500532293052,1,1,False,Guardián,Guardián
2017-07-05,0.07790419215721368,0.10006262441678769,0.0358548894998443,-0.6180030832244018,-3.0,-3.0,-3.0,,False,1.305288138868869,1,1,False,Guardián,Guardián
2017-10-03,0.11185586649344126,0.0947100336309093,0.04667271240896766,0.3673631117105929,-3.0,-2.912079224145223,-2.912079224145223,,False,1.4512922746656578,1,1,False,Guardián,Guardián
2018-01-03,0.018956653258586992,0.1067603963707519,0.03835004510975776,-2.289534285054183,-2.912079224145223,-3.0,-3.0,,False,1.4788039190933606,1,1,False,Guardián,Guardián
2018-04-05,0.05804840246543029,0.07367125335265516,0.08731489977041176,-0.1789253715952722,-3.0,-3.0,-3.0,,False,1.5646461241563474,1,1,False,Guardián,Guardián
