tipo,octiles,desde_z,hasta_z,ancho
octil,2,-1.1503493803760079,-0.6744897501960817,0.47585963017992616
octil,3,-0.6744897501960817,-0.31863936396437514,0.35585038623170656
octil,4,-0.31863936396437514,0.0,0.31863936396437514
octil,5,0.0,0.31863936396437514,0.31863936396437514
octil,6,0.31863936396437514,0.6744897501960817,0.35585038623170656
octil,7,0.6744897501960817,1.1503493803760079,0.47585963017992616
par,2-3,-1.1503493803760079,-0.31863936396437514,0.8317100164116327
par,3-4,-0.6744897501960817,0.0,0.6744897501960817
par,4-5,-0.31863936396437514,0.31863936396437514,0.6372787279287503
par,5-6,0.0,0.6744897501960817,0.6744897501960817
par,6-7,0.31863936396437514,1.1503493803760079,0.8317100164116327
paso_max_prudencia,,,,0.5625
paso_max_audacia,,,,0.25
